id,name,phone number
1,Shelby,001-084-906-7849x73518
2,Phillip,214.112.6044x4913
3,Kristine,277.609.7938
4,Yesenia,584.094.6111
5,Lori,689-207-3558x7233
6,Erin,001-171-649-9856x5553
7,Katherine,+1-773-151-6685x49162
8,Ricardo,001-447-699-7998x88612
9,Dave,603-428-2429x27392
10,Isaiah,+1-511-372-1544x8206
11,Sheila,895.881.4746
12,Stacy,710.673.3213x80335
13,Mandy,(992)466-1305x4947
14,Bridget,(216)627-8359
15,Crystal,-5791
16,Thomas,-2005
17,Maurice,(246)187-4969
18,Frank,429.965.3902x4447
19,Alvin,219.436.0887x07551
20,Jared,-8587
21,Jacqueline,819.309.7679x59173
22,Colleen,638.584.1090
23,Randy,001-960-629-7164x67214
24,Janice,001-249-314-9742x6996
25,Alfred,(468)276-9509x53058
26,Sean,4915828504
27,Louis,6232695307
28,Brittney,945-739-8686
29,Judy,001-654-208-1241x52830
30,Norman,223.002.0429
31,Isaiah,001-536-544-3367
32,Jacqueline,(247)762-8934
33,Bonnie,+1-253-987-2776x9161
34,Brandon,+1-386-673-1465x006
35,Jackson,(137)908-3129x65035
36,Melody,(826)792-7381
37,Leonard,941-038-0427x38800
38,Gene,+1-356-818-6604x89537
39,Cynthia,(110)858-2437x70190
40,Tanya,(830)774-9002x086
41,Matthew,952-381-6360
42,Kirk,001-826-496-5529x8661
43,Willie,741.168.6854x067
44,Miguel,5247842945
45,Darren,(975)799-4261
46,Haley,(746)182-6137x2453
47,Danielle,(890)374-9518x772
48,Becky,(390)002-0863
49,Caitlyn,805-021-3965x46344
50,Joshua,875.994.2100x535
51,Heidi,601-155-3065x1131
52,Brian,952-283-1423x733
53,Beverly,+1-327-578-8754x6771
54,Nathaniel,(655)887-2040x37888
55,Debra,001-731-525-8400x52593
56,Mackenzie,4225525458
57,Courtney,210.683.2761x5883
58,Fred,497-774-3053
59,Ryan,956.330.2951
60,Grace,(034)867-8827x6777
61,Shari,001-951-655-4798x6124
62,Kelli,995.000.4213x0982
63,Jackie,001-740-937-0846x0087
64,Leslie,795.782.4384x555
65,Harold,-6682
66,Larry,+1-244-630-3792x4121
67,Mike,116-729-5046
68,Brittney,593.976.2528
69,Frank,(035)961-5060x9182
70,Sandra,+1-096-606-6454x067
71,Ryan,+1-695-557-9948x485
72,Tamara,017.665.3744x7944
73,Jean,(954)060-1066
74,Veronica,+1-521-589-2387x48490
75,Kim,7677125383
76,Tina,079-907-5051
77,Jonathon,874-037-2032x932
78,Jermaine,(742)214-8691
79,Regina,891-359-2684
80,Terrence,221.800.6408x5416
81,Tyler,001-386-469-3075x8030
82,Andrew,+1-376-865-2765x3351
83,Reginald,+1-832-500-6044x475
84,Douglas,001-834-660-8312x9864
85,Helen,001-377-726-4229
86,Mario,160-144-5039x12276
87,Chelsea,001-698-651-0138x18588
88,Dustin,+1-965-621-1157x345
89,Harry,-6354
90,Kathy,(164)105-8456
91,Alison,3506680871
92,Jamie,(900)803-9295x11533
93,Melody,(626)520-5080x3511
94,Xavier,8164259975
95,Dillon,971-992-4521
96,Dennis,001-095-524-2112x257
97,Steve,001-865-478-5157
98,Wesley,995-542-3004x76800
99,Summer,001-273-685-6932x092
100,Mariah,(341)594-6554x44657
